{
	"format_version": "1.8.0",
	"animations": {
		"animation.floss_dance": {
			"loop": true,
			"animation_length": 1,
			"bones": {
				"body": {
					"rotation": {
						"0.0": [0, 0, -5],
						"0.25": [2.4905, -0.21782, 4.99527],
						"0.5": [0, 0, -5],
						"0.75": [2.4905, -0.21782, 4.99527],
						"1.0": [0, 0, -5]
					}
				},
				"waist": {
					"rotation": {
						"0.0": [0, 0, 0],
						"0.5": [0, -2.5, 0],
						"1.0": [0, 0, 0]
					}
				},
				"head": {
					"rotation": {
						"0.0": [0, 0, 7.5],
						"0.25": [0, 0, -5],
						"0.5": [0, 0, 7.5],
						"0.75": [0, 0, -5],
						"1.0": [0, 0, 7.5]
					}
				},
				"leftArm": {
					"rotation": {
						"0.0": [-24.87907, 16.24445, 44.64454],
						"0.125": [-8.2, -6.02, -24.62],
						"0.25": [8.46758, -28.28616, -93.89185],
						"0.5": [20.12093, 16.24445, 44.64454],
						"0.75": [8.46758, -28.28616, -93.89185],
						"1.0": [-24.87907, 16.24445, 44.64454]
					},
					"position": {
						"0.25": [0, 0, 0],
						"0.5": [0, 0, 2],
						"0.75": [0, 0, 0]
					}
				},
				"rightArm": {
					"rotation": {
						"0.0": [-17.06488, 10.58927, 58.40686],
						"0.25": [-22.05578, -21.71674, -48.66391],
						"0.5": [-17.06488, 10.58927, 58.40686],
						"0.75": [22.94422, -21.71674, -48.66391],
						"1.0": [-17.06488, 10.58927, 58.40686]
					},
					"position": {
						"0.5": [0, 0, 0],
						"0.75": [0, 0, 2]
					}
				},
				"leftLeg": {
					"rotation": {
						"0.0": [0, 0, -2.5],
						"0.25": [0, 0, -17.5],
						"0.5": [0, 0, -2.5],
						"0.75": [0, 0, -17.5],
						"1.0": [0, 0, -2.5]
					},
					"position": {
						"0.0": [1, 0, 0],
						"0.25": [-1, 0, 0],
						"0.5": [1, 0, 0],
						"0.75": [-1, 0, 0],
						"1.0": [1, 0, 0]
					}
				},
				"rightLeg": {
					"rotation": {
						"0.0": [0, 0, 12.5],
						"0.25": [0, 0, 0],
						"0.5": [0, 0, 12.5],
						"0.75": [0, 0, 0],
						"1.0": [0, 0, 12.5]
					},
					"position": {
						"0.0": [1, 0, 0],
						"0.25": [-1, 0, 0],
						"0.5": [1, 0, 0],
						"0.75": [-1, 0, 0],
						"1.0": [1, 0, 0]
					}
				}
			}
		}
	}
}