{
  "format_version": "1.8.0",
  "animations": {
    "animation.jojo_pose": {
      "loop": "hold_on_last_frame",
      "animation_length": 0.25,
      "bones": {
        "body": {
          "rotation": {
            "0.0": [0, 0, 0],
            "0.25": [-7.5, 10, 0]
          },
          "position": {
            "0.0": [0, 0, 0],
            "0.25": [0, 0, 2]
          }
        },
        "head": {
          "rotation": {
            "0.0": [0, 0, 0],
            "0.25": [2.5, 0, 0]
          },
          "position": {
            "0.0": [0, 0, 0],
            "0.25": [1, 0, 0]
          }
        },
        "leftArm": {
          "rotation": {
            "0.0": [0, 0, 0],
            "0.25": [-177.61557, 0.75155, -17.48436]
          },
          "position": {
            "0.0": [0, 0, 0],
            "0.25": [-1, -4, -3]
          }
        },
        "rightArm": {
          "rotation": {
            "0.0": [0, 0, 0],
            "0.25": [79.40125, 62.8607, 130.78806]
          },
          "position": {
            "0.0": [0, 0, 0],
            "0.25": [0, -1, -0.6]
          }
        },
        "leftLeg": {
          "rotation": {
            "0.0": [0, 0, 0],
            "0.25": [6.7337, -16.17579, -13.70078]
          },
          "position": {
            "0.0": [0, 0, 0],
            "0.25": [0, 0, -1]
          }
        },
        "rightLeg": {
          "rotation": {
            "0.0": [0, 0, 0],
            "0.25": [17.65896, 28.37847, 24.81329]
          },
          "position": {
            "0.0": [0, 0, 0],
            "0.25": [-1, 0, 1]
          }
        }
      }
    }
  }
}
