{
	"format_version": "1.8.0",
	"animations": {
		"animation.sad": {
			"animation_length": 2,
			"bones": {
				"root": {
					"rotation": {
						"0.0": [0, 0, 0],
						"2.0": [0, 0, 0]
					},
					"position": {
						"0.0": [0, 0, 0],
						"2.0": [0, 0, 0]
					},
					"scale": {
						"0.0": [1, 1, 1],
						"2.0": [1, 1, 1]
					}
				},
				"body": {
					"rotation": {
						"0.0": [0, 0, 0],
						"2.0": [0, 0, 0]
					},
					"position": {
						"0.0": [0, 0, 0],
						"0.25": [0, -10, 1],
						"1.75": [0, -10, 1],
						"2.0": [0, 0, 0]
					},
					"scale": {
						"0.0": [1, 1, 1],
						"2.0": [1, 1, 1]
					}
				},
				"waist": {
					"rotation": {
						"0.0": [0, 0, 0],
						"2.0": [0, 0, 0]
					},
					"position": {
						"0.0": [0, 0, 0],
						"2.0": [0, 0, 0]
					},
					"scale": {
						"0.0": [1, 1, 1],
						"2.0": [1, 1, 1]
					}
				},
				"head": {
					"rotation": {
						"0.0": [0, 0, 0],
						"0.3333": [57.5, 0, 0],
						"0.4583": [58.71777, 9.29798, 14.89149],
						"0.5": [59.99865, 13.12479, 21.46872],
						"0.7083": [59.99865, -13.12479, -21.46872],
						"0.75": [62.44186, -17.94973, -30.56393],
						"0.9583": [58.71777, 9.29798, 14.89149],
						"1.0": [59.99865, 13.12479, 21.46872],
						"1.2083": [59.99865, -13.12479, -21.46872],
						"1.25": [62.44186, -17.94973, -30.56393],
						"1.4583": [58.71777, 9.29798, 14.89149],
						"1.5": [59.99865, 13.12479, 21.46872],
						"1.7083": [59.99865, -13.12479, -21.46872],
						"1.75": [62.44186, -17.94973, -30.56393],
						"2.0": [0, 0, 0]
					},
					"position": {
						"0.0": [0, 0, 0],
						"2.0": [0, 0, 0]
					},
					"scale": {
						"0.0": [1, 1, 1],
						"2.0": [1, 1, 1]
					}
				},
				"leftArm": {
					"rotation": {
						"0.0": [0, 0, 0],
						"0.25": [-95.63304, 27.38656, -2.59775],
						"1.75": [-95.63304, 27.38656, -2.59775],
						"2.0": [0, 0, 0]
					},
					"position": {
						"0.0": [0, 0, 0],
						"2.0": [0, 0, 0]
					},
					"scale": {
						"0.0": [1, 1, 1],
						"2.0": [1, 1, 1]
					}
				},
				"rightArm": {
					"rotation": {
						"0.0": [0, 0, 0],
						"0.25": [-92.88614, -29.96852, 1.44261],
						"1.75": [-92.88614, -29.96852, 1.44261],
						"2.0": [0, 0, 0]
					},
					"position": {
						"0.0": [0, 0, 0],
						"2.0": [0, 0, 0]
					},
					"scale": {
						"0.0": [1, 1, 1],
						"2.0": [1, 1, 1]
					}
				},
				"leftLeg": {
					"rotation": {
						"0.0": [0, 0, 0],
						"0.25": [-9.96271, -0.86717, -4.92442],
						"1.75": [-9.96271, -0.86717, -4.92442],
						"2.0": [0, 0, 0]
					},
					"position": {
						"0.0": [0, 0, 0],
						"0.25": [0, 0, -3],
						"1.75": [0, 0, -3],
						"2.0": [0, 0, 0]
					},
					"scale": {
						"0.0": [1, 1, 1],
						"2.0": [1, 1, 1]
					}
				},
				"rightLeg": {
					"rotation": {
						"0.0": [0, 0, 0],
						"0.25": [-9.96271, 0.86717, 4.92442],
						"1.75": [-9.96271, 0.86717, 4.92442],
						"2.0": [0, 0, 0]
					},
					"position": {
						"0.0": [0, 0, 0],
						"0.25": [0, 0, -3],
						"1.75": [0, 0, -3],
						"2.0": [0, 0, 0]
					},
					"scale": {
						"0.0": [1, 1, 1],
						"2.0": [1, 1, 1]
					}
				}
			}
		}
	}
}