{
	"format_version": "1.8.0",
	"animations": {
		"animation.nop": {
			"animation_length": 1,
			"bones": {
				"body": {
					"rotation": {
						"0.0": [0, 0, 0],
						"0.25": [-12.60443, 7.32123, -1.63219]
					},
					"position": {
						"0.0": [0, 0, 0],
						"0.25": [0, 0, 3]
					}
				},
				"head": {
					"rotation": {
						"0.0": [0, 0, 0],
						"0.25": [12.5, 0, 0],
						"0.375": [13.4936, 21.93857, 5.123],
						"0.5": [13.27463, -19.50645, -4.50432],
						"0.625": [13.4936, 21.93857, 5.123],
						"0.75": [13.27463, -19.50645, -4.50432],
						"0.875": [13.4936, 21.93857, 5.123],
						"1.0": [13.27463, -19.50645, -4.50432]
					},
					"position": [0, 0, 0]
				},
				"leftArm": {
					"rotation": {
						"0.0": [0, 0, 0],
						"0.25": [-97.43603, 7.43547, 0.98448],
						"0.375": [-101.38169, 49.43653, -6.74259],
						"0.5": [-97.40098, 4.95639, 1.30914],
						"0.625": [-101.38169, 49.43653, -6.74259],
						"0.75": [-97.40098, 4.95639, 1.30914],
						"0.875": [-101.38169, 49.43653, -6.74259],
						"1.0": [-97.40098, 4.95639, 1.30914]
					},
					"position": {
						"0.0": [0, 0, 0],
						"0.375": [0, -2, 0],
						"0.5": [0, -2, 0],
						"0.625": [0, -2, 0],
						"0.75": [0, -2, 0],
						"0.875": [0, -2, 0],
						"1.0": [0, -2, 0]
					}
				},
				"rightArm": {
					"rotation": {
						"0.0": [0, 0, 0],
						"0.25": [-99.76228, -12.3071, -2.20462],
						"0.375": [-101.58666, -34.43016, 2.30749],
						"0.5": [-99.53582, 0.01746, -4.30783],
						"0.625": [-101.58666, -34.43016, 2.30749],
						"0.75": [-99.53582, 0.01746, -4.30783],
						"0.875": [-101.58666, -34.43016, 2.30749],
						"1.0": [-99.53582, 0.01746, -4.30783]
					},
					"position": [0, 0, 0]
				},
				"leftLeg": {
					"rotation": {
						"0.0": [0, 0, 0],
						"0.125": [0, -5, 0],
						"0.25": [0, -10, 0]
					},
					"position": {
						"0.0": [0, 0, 0],
						"0.125": [0, 0, 0]
					}
				},
				"rightLeg": {
					"rotation": {
						"0.0": [0, 0, 0],
						"0.125": [8.75, 0, 0],
						"0.25": [17.5, 0, 0]
					},
					"position": {
						"0.0": [0, 0, 0],
						"0.125": [-0.5, 1, -1],
						"0.25": [-1, 0, 2]
					}
				}
			}
		}
	}
}