{
	"format_version": "1.8.0",
	"animations": {
		"animation.rat_dance": {
			"loop": true,
			"animation_length": 1.3333,
			"bones": {
				"body": {
					"rotation": {
						"0.0": [-0.70537, 22.47025, -5.22705],
						"0.3333": [-1.05044, -4.9621, -0.37993],
						"0.6667": [-1.52761, 15.14162, 4.11295],
						"1.0": [1.01947, 5.14505, 4.37926],
						"1.3333": [-0.70537, 22.47025, -5.22705]
					},
					"position": {
						"0.0": [-1, 0, 0],
						"0.1667": [-1, 2.75, 0.5],
						"0.3333": [-1, 0.5, 1],
						"0.5": [-0.5, 3, 1],
						"0.6667": [0, 0.5, 1],
						"0.8333": [-0.25, 2.38, 0.75],
						"1.0": [-0.5, 0.25, 0.5],
						"1.1667": [-0.75, 2.13, 0.25],
						"1.3333": [-1, 0, 0]
					}
				},
				"head": {
					"rotation": {
						"0.0": [0, -20, 0],
						"0.1667": [21.59953, -23.61131, -1.30419],
						"0.3333": [8.19906, -27.22262, -2.60839],
						"0.6667": [0.52608, -29.73658, -2.14627],
						"1.0": [10.46444, 7.75869, -1.82438],
						"1.1667": [25.23222, -6.12065, -0.91219],
						"1.3333": [0, -20, 0]
					},
					"position": {
						"0.0": [0, 0, 0],
						"0.1667": [0, 1, 0],
						"0.3333": [0, 0, 0],
						"0.5": [0, 0.5, 0],
						"0.6667": [0, 0, 0],
						"0.8333": [0, 0.5, 0],
						"1.0": [0, 0, 0],
						"1.1667": [0, 0.5, 0],
						"1.3333": [0, 0, 0]
					}
				},
				"leftArm": {
					"rotation": {
						"0.0": [37.07723, -6.06809, -59.53659],
						"0.3333": {
							"pre": [-80.31281, -29.8573, -5.05153],
							"post": [-80.31281, -29.8573, -5.05153],
							"lerp_mode": "catmullrom"
						},
						"0.6667": {
							"post": [-107.43055, 16.40921, -4.92577],
							"lerp_mode": "catmullrom"
						},
						"1.0": {
							"post": [-136.9292, 10.61532, 4.24521],
							"lerp_mode": "catmullrom"
						},
						"1.3333": [37.07723, -6.06809, -59.53659]
					},
					"position": {
						"0.0": [0, 0, 0],
						"0.1667": [0, -1, 2],
						"0.3333": [0, -2, 2],
						"0.6667": [1, -3, 4],
						"0.8333": [1, -2, 3],
						"1.0": [1, -3, 2],
						"1.1667": [0.5, -0.5, 1],
						"1.3333": [0, 0, 0]
					}
				},
				"rightArm": {
					"rotation": {
						"0.0": [-110.63304, -27.38656, 2.59775],
						"0.3333": {
							"pre": [-138.95547, -15.62187, -1.94164],
							"post": [-138.95547, -15.62187, -1.94164],
							"lerp_mode": "catmullrom"
						},
						"0.6667": {
							"post": [29.86814, -5.03206, 58.60386],
							"lerp_mode": "catmullrom"
						},
						"1.0": [-75.95736, 9.27394, 38.57142],
						"1.3333": [-110.63304, -27.38656, 2.59775]
					},
					"position": {
						"0.0": [-1, -3, 3],
						"0.1667": [-1, -2, 3],
						"0.3333": [-1, -3, 3],
						"0.6667": [-1, -2, 0],
						"0.8333": [-0.5, -2, 0],
						"1.0": [0, -3, 0],
						"1.1667": [-0.5, -2, 1.5],
						"1.3333": [-1, -3, 3]
					}
				},
				"leftLeg": {
					"rotation": {
						"0.0": [17.5, 0, -15],
						"0.3333": [0.12235, 7.94786, 23.33627],
						"0.6667": [-9.76001, 16.04521, -14.3897],
						"1.0": [13.9415, 17.43137, 29.99434],
						"1.3333": [17.5, 0, -15]
					},
					"position": {
						"0.0": [1, 0, 1],
						"0.1667": [0.5, 2, 1],
						"0.3333": [0, 0, 0],
						"0.5": [0, 2, 0.5],
						"0.6667": [0, 0, 0],
						"0.8333": [-0.2, 1, 1.1],
						"1.0": [-0.4, 0, 2.2],
						"1.1667": [0.3, 1, 1.6],
						"1.3333": [1, 0, 1]
					}
				},
				"rightLeg": {
					"rotation": {
						"0.0": [0, 0, 10],
						"0.3333": {
							"pre": [9.91615, 1.29876, -19.88733],
							"post": [9.91615, 1.29876, -19.88733],
							"lerp_mode": "catmullrom"
						},
						"0.6667": {
							"post": [18.55159, 32.48986, 16.28248],
							"lerp_mode": "catmullrom"
						},
						"1.0": {
							"post": [1.28855, -10.53882, -26.54148],
							"lerp_mode": "catmullrom"
						},
						"1.3333": [0, 0, 10]
					},
					"position": {
						"0.0": [-1, 0, -1],
						"0.1667": [-1, 2, 0.5],
						"0.3333": [-1, 0, 3],
						"0.5": [-1.5, 2, 1.5],
						"0.6667": [-2, 0, 1],
						"0.8333": [-1.5, 1, 0.5],
						"1.0": [-1, 0, 0],
						"1.1667": [-1, 1, -0.5],
						"1.3333": [-1, 0, -1]
					}
				}
			}
		}
	}
}