{
	"format_version": "1.8.0",
	"animations": {
		"animation.so1": {
			"loop": true,
			"animation_length": 30,
			"bones": {
				"head": {
					"rotation": [37.43088, 19.60343, 10.02566],
					"position": [0, 0, 2]
				},
				"body": {
					"rotation": [-10, 0, 0],
					"position": [0, 0, 3]
				},
				"rightArm": {
					"rotation": [-52.28739, -23.58675, -37.67113],
					"position": [0, 0, 2]
				},
				"leftArm": {
					"rotation": [-45.70382, 37.42862, 26.6665],
					"position": [0, 0, 2]
				},
				"rightLeg": {
					"rotation": {
						"0.0": [-32.61362, 0.90089, 6.63169],
						"7.5417": [-32.90178, 7.21079, 2.5654]
					},
					"position": [0, 0, 1]
				},
				"leftLeg": {
					"rotation": {
						"0.0": [18.76641, 2.0179, -1.42189],
						"7.5417": [18.83117, -5.08307, -3.83805]
					},
					"position": [0, 0, 0]
				}
			}
		}
	}
}