{
	"format_version": "1.8.0",
	"animations": {
		"animation.so10": {
			"animation_length": 60,
			"bones": {
				"head": {
					"rotation": {
						"0.0": [12.92638, -14.63639, -3.31914],
						"7.5417": [12.51153, 2.44071, 0.54143]
					}
				},
				"leftArm": {
					"rotation": [-360, -27.5, -515]
				},
				"rightArm": {
					"rotation": [-10, 0, 0]
				},
				"leftLeg": {
					"rotation": {
						"0.0": [0, -22.5, 0],
						"7.5417": [-7.377, -21.93857, -13.4936]
					}
				},
				"rightLeg": {
					"rotation": {
						"0.0": [2.35666, 17.34551, 7.85952],
						"7.5417": [12.35666, 17.34551, 7.85952]
					}
				},
				"root": {
					"rotation": {
						"0.0": [0, 0, 0],
						"7.5417": [0, 0, 5]
					}
				}
			}
		}
	}
}