{
	"format_version": "1.8.0",
	"animations": {
		"animation.so13": {
			"loop": true,
			"animation_length": 60,
			"bones": {
				"body": {
					"rotation": {
						"0.0": [-7.5, 0, 0],
						"7.5417": [-20, 0, 0]
					},
					"position": [0, 0, 1]
				},
				"head": {
					"rotation": [20, 0, 0]
				},
				"leftArm": {
					"rotation": [44.184, -25.64554, -102.14695],
					"position": {
						"0.0": [0, -1, 0],
						"7.5417": [0, -1, 1]
					}
				},
				"rightArm": {
					"rotation": [22.90455, 31.73533, 82.26906],
					"position": {
						"0.0": [0, -1, 0],
						"7.5417": [0, -1, 0]
					}
				},
				"leftLeg": {
					"rotation": [0.44067, -9.99038, -2.53852],
					"position": {
						"0.0": [0, 0, 0],
						"7.5417": [0, 0, -4]
					}
				},
				"rightLeg": {
					"rotation": [5.76295, 11.38916, 5.87307],
					"position": {
						"0.0": [0, 0, -1],
						"7.5417": [0, 0, -2]
					}
				}
			}
		}
	}
}